{
    "type": "minecraft:generic",
    "pools": [
        {
            "rolls": {
                "min": 1,
                "max": 100
            },
            "entries": [
                {
                    "type": "minecraft:item",
                    "name": "minecraft:stone"
                }
            ],
            "functions": [
                {
                    "function": "minecraft:set_count",
                    "count": 0
                }
            ]
        }
    ]
}