{"display":{"title":{"translate":"simpledrawer.advancement.filled.title","with":[{"translate":"simpledrawer.advancement.wood"}]},"description":{"translate":"simpledrawer.advancement.filled.description","with":[{"translate":"simpledrawer.advancement.wood"}]},"icon":{"item":"minecraft:furnace","nbt":"{CustomModelData:1430000}"},"frame":"task","show_toast":true,"announce_to_chat":false,"hidden":false},"criteria":{"Fill a wood drawer":{"trigger":"minecraft:impossible","conditions":{"player":[{"condition":"minecraft:value_check","value":{"type":"minecraft:score","target":{"type":"minecraft:fixed","name":"#simpledrawer.major"},"score":"load.status"},"range":1},{"condition":"minecraft:value_check","value":{"type":"minecraft:score","target":{"type":"minecraft:fixed","name":"#simpledrawer.minor"},"score":"load.status"},"range":11},{"condition":"minecraft:value_check","value":{"type":"minecraft:score","target":{"type":"minecraft:fixed","name":"#simpledrawer.patch"},"score":"load.status"},"range":2}]}}},"parent":"simpledrawer:display/root"}