{"condition":"minecraft:entity_scores","entity":"this","scores":{"simpledrawer.new_drawer.id":{"min":{"type":"minecraft:score","target":{"type":"minecraft:fixed","name":"#search_id"},"score":"simpledrawer.math","scale":1},"max":{"type":"minecraft:score","target":{"type":"minecraft:fixed","name":"#search_id"},"score":"simpledrawer.math","scale":1}},"simpledrawer.new_drawer.part_id":{"min":{"type":"minecraft:score","target":{"type":"minecraft:fixed","name":"#search_slot"},"score":"simpledrawer.math","scale":1},"max":{"type":"minecraft:score","target":{"type":"minecraft:fixed","name":"#search_slot"},"score":"simpledrawer.math","scale":1}}}}