{
  "type": "minecraft:entity",
  "pools": [
    {
    "bonus_rolls": 0.0,
    "conditions": [
      {
        "condition": "minecraft:entity_properties",
        "entity": "killer",
        "predicate": {
          "type": "minecraft:wither_skeleton"
        }
      }
    ],
    "entries": [
      {
        "type": "minecraft:item",
        "name": "minecraft:wooden_sword",
        "functions": [
          {
            "function": "set_nbt",
            "tag": "{display:{Lore:['{\"text\":\"C418 - Concrete Halls\",\"italic\":false,\"color\":\"gray\"}'],Name:'{\"text\":\"Cassette Tape\",\"italic\":false,\"color\":\"aqua\"}'},CustomModelData:7747,HideFlags:36,Unbreakable:1b,AttributeModifiers:[{AttributeName:\"minecraft:generic.attack_damage\",Amount:0.0,Operation:0}]}"
          }
        ]
      },
      {
        "type": "minecraft:item",
        "name": "minecraft:wooden_sword",
        "functions": [
          {
            "function": "set_nbt",
            "tag": "{display:{Lore:['{\"text\":\"Lena Raine - Chrysopoeia\",\"italic\":false,\"color\":\"gray\"}'],Name:'{\"text\":\"Cassette Tape\",\"italic\":false,\"color\":\"aqua\"}'},CustomModelData:7748,HideFlags:36,Unbreakable:1b,AttributeModifiers:[{AttributeName:\"minecraft:generic.attack_damage\",Amount:0.0,Operation:0}]}"
          }
        ]
      },
      {
        "type": "minecraft:item",
        "name": "minecraft:wooden_sword",
        "functions": [
          {
            "function": "set_nbt",
            "tag": "{display:{Lore:['{\"text\":\"Lena Raine - Rubedo\",\"italic\":false,\"color\":\"gray\"}'],Name:'{\"text\":\"Cassette Tape\",\"italic\":false,\"color\":\"aqua\"}'},CustomModelData:7749,HideFlags:36,Unbreakable:1b,AttributeModifiers:[{AttributeName:\"minecraft:generic.attack_damage\",Amount:0.0,Operation:0}]}"
          }
        ]
      }
    ],
    "rolls": 1.0
  }
],
  "random_sequence": "minecraft:entities/piglin"
}