{
  "type": "minecraft:entity",
  "pools": [
    {
      "bonus_rolls": 0.0,
      "conditions": [
        {
          "condition": "minecraft:entity_properties",
          "entity": "killer",
          "predicate": {
            "type": "minecraft:zombie_villager"
          }
        }
      ],
      "entries": [
        {
          "type": "minecraft:item",
          "name": "minecraft:wooden_sword",
          "functions": [
            {
              "function": "set_nbt",
              "tag": "{display:{Lore:['{\"text\":\"C418 - Minecraft\",\"italic\":false,\"color\":\"gray\"}'],Name:'{\"text\":\"Cassette Tape\",\"italic\":false,\"color\":\"aqua\"}'},CustomModelData:7734,HideFlags:36,Unbreakable:1b,AttributeModifiers:[{AttributeName:\"minecraft:generic.attack_damage\",Amount:0.0,Operation:0}]}"
            }
          ]
        },
        {
          "type": "minecraft:item",
          "name": "minecraft:wooden_sword",
          "functions": [
            {
              "function": "set_nbt",
              "tag": "{display:{Lore:['{\"text\":\"C418 - Sweden\",\"italic\":false,\"color\":\"gray\"}'],Name:'{\"text\":\"Cassette Tape\",\"italic\":false,\"color\":\"aqua\"}'},CustomModelData:7735,HideFlags:36,Unbreakable:1b,AttributeModifiers:[{AttributeName:\"minecraft:generic.attack_damage\",Amount:0.0,Operation:0}]}"
            }
          ]
        },
        {
          "type": "minecraft:item",
          "name": "minecraft:wooden_sword",
          "functions": [
            {
              "function": "set_nbt",
              "tag": "{display:{Lore:['{\"text\":\"C418 - Blind Spots\",\"italic\":false,\"color\":\"gray\"}'],Name:'{\"text\":\"Cassette Tape\",\"italic\":false,\"color\":\"aqua\"}'},CustomModelData:7736,HideFlags:36,Unbreakable:1b,AttributeModifiers:[{AttributeName:\"minecraft:generic.attack_damage\",Amount:0.0,Operation:0}]}"
            }
          ]
        },
        {
          "type": "minecraft:item",
          "name": "minecraft:wooden_sword",
          "functions": [
            {
              "function": "set_nbt",
              "tag": "{display:{Lore:['{\"text\":\"C418 - Aria Math\",\"italic\":false,\"color\":\"gray\"}'],Name:'{\"text\":\"Cassette Tape\",\"italic\":false,\"color\":\"aqua\"}'},CustomModelData:7737,HideFlags:36,Unbreakable:1b,AttributeModifiers:[{AttributeName:\"minecraft:generic.attack_damage\",Amount:0.0,Operation:0}]}"
            }
          ]
        },
        {
          "type": "minecraft:item",
          "name": "minecraft:wooden_sword",
          "functions": [
            {
              "function": "set_nbt",
              "tag": "{display:{Lore:['{\"text\":\"C418 - Haggstrom\",\"italic\":false,\"color\":\"gray\"}'],Name:'{\"text\":\"Cassette Tape\",\"italic\":false,\"color\":\"aqua\"}'},CustomModelData:7738,HideFlags:36,Unbreakable:1b,AttributeModifiers:[{AttributeName:\"minecraft:generic.attack_damage\",Amount:0.0,Operation:0}]}"
            }
          ]
        },
        {
          "type": "minecraft:item",
          "name": "minecraft:wooden_sword",
          "functions": [
            {
              "function": "set_nbt",
              "tag": "{display:{Lore:['{\"text\":\"Aaron Cherof - Bromeliad\",\"italic\":false,\"color\":\"gray\"}'],Name:'{\"text\":\"Cassette Tape\",\"italic\":false,\"color\":\"aqua\"}'},CustomModelData:7739,HideFlags:36,Unbreakable:1b,AttributeModifiers:[{AttributeName:\"minecraft:generic.attack_damage\",Amount:0.0,Operation:0}]}"
            }
          ]
        },
        {
          "type": "minecraft:item",
          "name": "minecraft:wooden_sword",
          "functions": [
            {
              "function": "set_nbt",
              "tag": "{display:{Lore:['{\"text\":\"Kumi Tanioka - An Ordinary Day\",\"italic\":false,\"color\":\"gray\"}'],Name:'{\"text\":\"Cassette Tape\",\"italic\":false,\"color\":\"aqua\"}'},CustomModelData:7740,HideFlags:36,Unbreakable:1b,AttributeModifiers:[{AttributeName:\"minecraft:generic.attack_damage\",Amount:0.0,Operation:0}]}"
            }
          ]
        },
        {
          "type": "minecraft:item",
          "name": "minecraft:wooden_sword",
          "functions": [
            {
              "function": "set_nbt",
              "tag": "{display:{Lore:['{\"text\":\"Lena Raine - Aerie\",\"italic\":false,\"color\":\"gray\"}'],Name:'{\"text\":\"Cassette Tape\",\"italic\":false,\"color\":\"aqua\"}'},CustomModelData:7741,HideFlags:36,Unbreakable:1b,AttributeModifiers:[{AttributeName:\"minecraft:generic.attack_damage\",Amount:0.0,Operation:0}]}"
            }
          ]
        },
        {
          "type": "minecraft:item",
          "name": "minecraft:wooden_sword",
          "functions": [
            {
              "function": "set_nbt",
              "tag": "{display:{Lore:['{\"text\":\"Lena Raine - Stand Tall\",\"italic\":false,\"color\":\"gray\"}'],Name:'{\"text\":\"Cassette Tape\",\"italic\":false,\"color\":\"aqua\"}'},CustomModelData:7742,HideFlags:36,Unbreakable:1b,AttributeModifiers:[{AttributeName:\"minecraft:generic.attack_damage\",Amount:0.0,Operation:0}]}"
            }
          ]
        },
        {
          "type": "minecraft:item",
          "name": "minecraft:wooden_sword",
          "functions": [
            {
              "function": "set_nbt",
              "tag": "{display:{Lore:['{\"text\":\"Aaron Cherof - Crescent Dunes\",\"italic\":false,\"color\":\"gray\"}'],Name:'{\"text\":\"Cassette Tape\",\"italic\":false,\"color\":\"aqua\"}'},CustomModelData:7743,HideFlags:36,Unbreakable:1b,AttributeModifiers:[{AttributeName:\"minecraft:generic.attack_damage\",Amount:0.0,Operation:0}]}"
            }
          ]
        }
      ],
      "rolls": 1.0
    }
  ],
  "random_sequence": "minecraft:entities/pillager"
}