{
    "values": [
      {
        "id": "minecraft:gray_banner",
        "required": false
      },
      {
        "id": "minecraft:gray_bed",
        "required": false
      },
      {
        "id": "minecraft:gray_candle",
        "required": false
      },
      {
        "id": "minecraft:gray_candle_cake",
        "required": false
      },
      {
        "id": "minecraft:gray_carpet",
        "required": false
      },
      {
        "id": "minecraft:gray_concrete",
        "required": false
      },
      {
        "id": "minecraft:gray_concrete_powder",
        "required": false
      },
      {
        "id": "minecraft:gray_glazed_terracotta",
        "required": false
      },
      {
        "id": "minecraft:gray_shulker_box",
        "required": false
      },
      {
        "id": "minecraft:gray_stained_glass",
        "required": false
      },
      {
        "id": "minecraft:gray_stained_glass_pane",
        "required": false
      },
      {
        "id": "minecraft:gray_terracotta",
        "required": false
      },
      {
        "id": "minecraft:gray_wall_banner",
        "required": false
      },
      {
        "id": "minecraft:gray_wool",
        "required": false
      }
    ]
  }
  