{
    "values": [
      {
        "id": "minecraft:light_blue_banner",
        "required": false
      },
      {
        "id": "minecraft:light_blue_bed",
        "required": false
      },
      {
        "id": "minecraft:light_blue_candle",
        "required": false
      },
      {
        "id": "minecraft:light_blue_candle_cake",
        "required": false
      },
      {
        "id": "minecraft:light_blue_carpet",
        "required": false
      },
      {
        "id": "minecraft:light_blue_concrete",
        "required": false
      },
      {
        "id": "minecraft:light_blue_concrete_powder",
        "required": false
      },
      {
        "id": "minecraft:light_blue_glazed_terracotta",
        "required": false
      },
      {
        "id": "minecraft:light_blue_shulker_box",
        "required": false
      },
      {
        "id": "minecraft:light_blue_stained_glass",
        "required": false
      },
      {
        "id": "minecraft:light_blue_stained_glass_pane",
        "required": false
      },
      {
        "id": "minecraft:light_blue_terracotta",
        "required": false
      },
      {
        "id": "minecraft:light_blue_wall_banner",
        "required": false
      },
      {
        "id": "minecraft:light_blue_wool",
        "required": false
      }
    ]
  }
  