{
    "values": [
      {
        "id": "minecraft:light_gray_banner",
        "required": false
      },
      {
        "id": "minecraft:light_gray_bed",
        "required": false
      },
      {
        "id": "minecraft:light_gray_candle",
        "required": false
      },
      {
        "id": "minecraft:light_gray_candle_cake",
        "required": false
      },
      {
        "id": "minecraft:light_gray_carpet",
        "required": false
      },
      {
        "id": "minecraft:light_gray_concrete",
        "required": false
      },
      {
        "id": "minecraft:light_gray_concrete_powder",
        "required": false
      },
      {
        "id": "minecraft:light_gray_glazed_terracotta",
        "required": false
      },
      {
        "id": "minecraft:light_gray_shulker_box",
        "required": false
      },
      {
        "id": "minecraft:light_gray_stained_glass",
        "required": false
      },
      {
        "id": "minecraft:light_gray_stained_glass_pane",
        "required": false
      },
      {
        "id": "minecraft:light_gray_terracotta",
        "required": false
      },
      {
        "id": "minecraft:light_gray_wall_banner",
        "required": false
      },
      {
        "id": "minecraft:light_gray_wool",
        "required": false
      }
    ]
  }
  