{
    "values": [
      {
        "id": "minecraft:white_banner",
        "required": false
      },
      {
        "id": "minecraft:white_bed",
        "required": false
      },
      {
        "id": "minecraft:white_candle",
        "required": false
      },
      {
        "id": "minecraft:white_candle_cake",
        "required": false
      },
      {
        "id": "minecraft:white_carpet",
        "required": false
      },
      {
        "id": "minecraft:white_concrete",
        "required": false
      },
      {
        "id": "minecraft:white_concrete_powder",
        "required": false
      },
      {
        "id": "minecraft:white_glazed_terracotta",
        "required": false
      },
      {
        "id": "minecraft:white_shulker_box",
        "required": false
      },
      {
        "id": "minecraft:white_stained_glass",
        "required": false
      },
      {
        "id": "minecraft:white_stained_glass_pane",
        "required": false
      },
      {
        "id": "minecraft:white_terracotta",
        "required": false
      },
      {
        "id": "minecraft:white_wall_banner",
        "required": false
      },
      {
        "id": "minecraft:white_wool",
        "required": false
      }
    ]
  }
  