{
    "values": [
      {
        "id": "minecraft:dark_oak_planks",
        "required": false
      },
      {
        "id": "minecraft:dark_oak_stairs",
        "required": false
      },
      {
        "id": "minecraft:dark_oak_slab",
        "required": false
      },
      {
        "id": "minecraft:dark_oak_fence",
        "required": false
      },
      {
        "id": "minecraft:dark_oak_fence_gate",
        "required": false
      },
      {
        "id": "minecraft:dark_oak_door",
        "required": false
      },
      {
        "id": "minecraft:dark_oak_trapdoor",
        "required": false
      },
      {
        "id": "minecraft:dark_oak_pressure_plate",
        "required": false
      },
      {
        "id": "minecraft:dark_oak_button",
        "required": false
      },
      {
        "id": "minecraft:dark_oak_sign",
        "required": false
      },
      {
        "id": "minecraft:dark_oak_wall_sign",
        "required": false
      },
      {
        "id": "minecraft:dark_oak_hanging_sign",
        "required": false
      },
      {
        "id": "minecraft:dark_oak_wall_hanging_sign",
        "required": false
      }
    ]
  }
  