{
  "pools": [ 
   {
      "rolls": 1,
      "entries": [
        {
          "type": "minecraft:item",
          "name": "minecraft:written_book",
          "functions": [
            {
              "function": "minecraft:set_nbt",
              "tag": "{pages:['[\"\",{\"text\":\"NoteBlock Maestro\",\"bold\":true,\"color\":\"dark_blue\"},{\"text\":\"\\\\n       by \",\"color\":\"reset\"},{\"text\":\"CassMC\",\"color\":\"blue\",\"clickEvent\":{\"action\":\"open_url\",\"value\":\"https://www.planetminecraft.com/member/maizumagames/\"}},{\"text\":\"\\\\n\\\\n\",\"color\":\"reset\"},{\"text\":\"\\\\u2ff0\",\"clickEvent\":{\"action\":\"open_url\",\"value\":\"2\"}},{\"text\":\" Getting Started\",\"color\":\"blue\",\"clickEvent\":{\"action\":\"open_url\",\"value\":\"2\"}},{\"text\":\"\\\\n\",\"color\":\"reset\"},{\"text\":\" \",\"color\":\"gray\"},{\"text\":\"\\\\u25b6\",\"color\":\"gray\",\"clickEvent\":{\"action\":\"change_page\",\"value\":2}},{\"text\":\" About\",\"color\":\"reset\",\"clickEvent\":{\"action\":\"change_page\",\"value\":2}},{\"text\":\"\\\\n\"},{\"text\":\" \",\"color\":\"gray\"},{\"text\":\"\\\\u25b6\",\"color\":\"gray\",\"clickEvent\":{\"action\":\"change_page\",\"value\":3}},{\"text\":\" Activation\",\"color\":\"reset\",\"clickEvent\":{\"action\":\"change_page\",\"value\":3}},{\"text\":\"\\\\n\"},{\"text\":\"\\\\u2692\",\"color\":\"dark_red\",\"clickEvent\":{\"action\":\"change_page\",\"value\":4}},{\"text\":\" \",\"color\":\"reset\",\"clickEvent\":{\"action\":\"change_page\",\"value\":4}},{\"text\":\"Features\",\"color\":\"blue\",\"clickEvent\":{\"action\":\"change_page\",\"value\":4}},{\"text\":\"\\\\n\",\"color\":\"reset\"},{\"text\":\" \",\"color\":\"gray\"},{\"text\":\"\\\\u25b6\",\"color\":\"gray\",\"clickEvent\":{\"action\":\"change_page\",\"value\":4}},{\"text\":\" Key Menu\",\"color\":\"reset\",\"clickEvent\":{\"action\":\"change_page\",\"value\":4}},{\"text\":\"\\\\n\"},{\"text\":\" \",\"color\":\"gray\"},{\"text\":\"\\\\u25b6\",\"color\":\"gray\",\"clickEvent\":{\"action\":\"change_page\",\"value\":5}},{\"text\":\" Sound Settings\",\"color\":\"reset\",\"clickEvent\":{\"action\":\"change_page\",\"value\":5}},{\"text\":\"\\\\n\"},{\"text\":\" \",\"color\":\"gray\"},{\"text\":\"\\\\u25b6\",\"color\":\"gray\",\"clickEvent\":{\"action\":\"change_page\",\"value\":6}},{\"text\":\" Probe Mode\",\"color\":\"reset\",\"clickEvent\":{\"action\":\"change_page\",\"value\":6}},{\"text\":\"\\\\n\"},{\"text\":\" \",\"color\":\"gray\"},{\"text\":\"\\\\u25b6\",\"color\":\"gray\",\"clickEvent\":{\"action\":\"change_page\",\"value\":7}},{\"text\":\" Built-in Player\",\"color\":\"reset\",\"clickEvent\":{\"action\":\"change_page\",\"value\":7}},{\"text\":\"\\\\n\"},{\"text\":\" \",\"color\":\"gray\"},{\"text\":\"\\\\u25b6\",\"color\":\"gray\",\"clickEvent\":{\"action\":\"change_page\",\"value\":8}},{\"text\":\" Mining Notes\",\"color\":\"reset\",\"clickEvent\":{\"action\":\"change_page\",\"value\":8}},{\"text\":\"\\\\n\\\\n\"},{\"text\":\"\\\\u2764\",\"color\":\"red\"},{\"text\":\" \",\"color\":\"reset\"},{\"text\":\"Credits\",\"color\":\"blue\",\"clickEvent\":{\"action\":\"change_page\",\"value\":9}}]','[\"\",{\"text\":\"\\\\u25b6\",\"color\":\"dark_gray\"},{\"text\":\" About\",\"color\":\"blue\"},{\"text\":\"\\\\n\",\"color\":\"reset\"},{\"text\":\"This datapack was created to make \",\"color\":\"dark_green\"},{\"text\":\"note blocks\",\"italic\":true,\"color\":\"dark_green\"},{\"text\":\" easier to play with in survival mode.\",\"color\":\"dark_green\"},{\"text\":\"\\\\n\\\\n\",\"color\":\"reset\"},{\"text\":\"It brings a lot of quality of life changes compatible with vanilla behavior.\",\"color\":\"dark_green\"},{\"text\":\"\\\\n\\\\n\\\\n\\\\n\",\"color\":\"reset\"},{\"text\":\"\\\\u25b6\",\"color\":\"gray\",\"clickEvent\":{\"action\":\"change_page\",\"value\":1}},{\"text\":\" Back to Index\",\"color\":\"reset\",\"bold\":true,\"clickEvent\":{\"action\":\"change_page\",\"value\":1}}]','[\"\",{\"text\":\"\\\\u25b6\",\"color\":\"dark_gray\"},{\"text\":\" Activation\",\"color\":\"blue\"},{\"text\":\"\\\\n\",\"color\":\"reset\"},{\"text\":\"1. Open Chat in game by pressing \",\"color\":\"dark_green\"},{\"keybind\":\"key.chat\",\"color\":\"dark_green\"},{\"text\":\" and type this command in one line:\",\"color\":\"dark_green\"},{\"text\":\"\\\\n\\\\n\",\"color\":\"reset\"},{\"text\":\"/trigger NoteBlockMaestro\",\"italic\":true,\"color\":\"dark_purple\"},{\"text\":\"\\\\n\\\\n\",\"color\":\"reset\"},{\"text\":\"You can deactive the tools using the same command.\",\"color\":\"dark_green\"},{\"text\":\"\\\\n\\\\n\",\"color\":\"reset\"},{\"text\":\"\\\\u25b6\",\"color\":\"gray\",\"clickEvent\":{\"action\":\"change_page\",\"value\":1}},{\"text\":\" Back to Index\",\"color\":\"reset\",\"bold\":true,\"clickEvent\":{\"action\":\"change_page\",\"value\":1}},{\"text\":\"\\\\n \",\"color\":\"reset\"}]','[\"\",{\"text\":\"\\\\u25b6\",\"color\":\"dark_gray\"},{\"text\":\" Key Menu\",\"color\":\"blue\"},{\"text\":\"\\\\n\",\"color\":\"reset\"},{\"text\":\"The key simulator allows players to test any sound or instrument in game by clicking the on-screen menu.\\\\n\\\\nWhen aimed at a \",\"color\":\"dark_green\"},{\"text\":\"note block\",\"italic\":true,\"color\":\"dark_green\"},{\"text\":\" it will change its note with a single click.\",\"color\":\"dark_green\"},{\"text\":\"\\\\n\\\\n\",\"color\":\"reset\"},{\"text\":\"\\\\u25b6\",\"color\":\"gray\",\"clickEvent\":{\"action\":\"change_page\",\"value\":1}},{\"text\":\" Back to Index\",\"color\":\"reset\",\"bold\":true,\"clickEvent\":{\"action\":\"change_page\",\"value\":1}},{\"text\":\"\\\\n \",\"color\":\"reset\"}]','[\"\",{\"text\":\"\\\\u25b6\",\"color\":\"dark_gray\"},{\"text\":\" Sound Settings\",\"color\":\"blue\"},{\"text\":\"\\\\n\",\"color\":\"reset\"},{\"text\":\"Normally you can only hear yourself by using the simulator menu.\\\\n\\\\nOther players can hear your sounds if you turn on the \",\"color\":\"dark_green\"},{\"text\":\"BoomBox\",\"bold\":true,\"color\":\"dark_green\"},{\"text\":\" option.\\\\nYou can also turn on your \",\"color\":\"dark_green\"},{\"text\":\"Ear Plugs\",\"bold\":true,\"color\":\"dark_green\"},{\"text\":\" to silence other players.\",\"color\":\"dark_green\"},{\"text\":\"\\\\n\",\"color\":\"reset\"},{\"text\":\"\\\\u25b6\",\"color\":\"gray\",\"clickEvent\":{\"action\":\"change_page\",\"value\":1}},{\"text\":\" Back to Index\",\"color\":\"reset\",\"bold\":true,\"clickEvent\":{\"action\":\"change_page\",\"value\":1}},{\"text\":\"\\\\n \",\"color\":\"reset\"}]','[\"\",{\"text\":\"\\\\u25b6\",\"color\":\"dark_gray\"},{\"text\":\" Probe Tool\",\"color\":\"blue\"},{\"text\":\"\\\\n\",\"color\":\"reset\"},{\"text\":\"The \",\"color\":\"dark_green\"},{\"text\":\"Probe\",\"bold\":true,\"color\":\"dark_green\"},{\"text\":\" shows you the note block value when you look at them.\\\\n\\\\n\",\"color\":\"dark_green\"},{\"text\":\"Auto\",\"bold\":true,\"color\":\"dark_green\"},{\"text\":\" mode displays information when \",\"color\":\"dark_green\"},{\"text\":\"note blocks\",\"italic\":true,\"color\":\"dark_green\"},{\"text\":\" are detected while \",\"color\":\"dark_green\"},{\"text\":\"Sneak\",\"bold\":true,\"color\":\"dark_green\"},{\"text\":\" mode do the same but only when the player \",\"color\":\"dark_green\"},{\"text\":\"sneaks\",\"underlined\":true,\"color\":\"dark_green\"},{\"text\":\" while looking at note blocks.\",\"color\":\"dark_green\"},{\"text\":\"\\\\n\",\"color\":\"reset\"},{\"text\":\"\\\\u25b6\",\"color\":\"gray\",\"clickEvent\":{\"action\":\"change_page\",\"value\":1}},{\"text\":\" Back to Index\",\"color\":\"reset\",\"bold\":true,\"clickEvent\":{\"action\":\"change_page\",\"value\":1}}]','[\"\",{\"text\":\"\\\\u25b6\",\"color\":\"dark_gray\"},{\"text\":\" Built-in Player\",\"color\":\"blue\"},{\"text\":\"\\\\n\",\"color\":\"reset\"},{\"text\":\"The music player has a few preset songs you can play in steps by clicking the\",\"color\":\"dark_green\"},{\"text\":\" \\\\u266a \",\"color\":\"reset\"},{\"text\":\"icon.\\\\n\\\\nThe \",\"color\":\"dark_green\"},{\"text\":\"\\\\u2261 \",\"color\":\"reset\"},{\"text\":\"icon loads new songs.\\\\nYou can transfer song notes to \",\"color\":\"dark_green\"},{\"text\":\"note blocks\",\"italic\":true,\"color\":\"dark_green\"},{\"text\":\" in the world by looking at them while stepping.\",\"color\":\"dark_green\"},{\"text\":\"\\\\n\",\"color\":\"reset\"},{\"text\":\"\\\\u25b6\",\"color\":\"gray\",\"clickEvent\":{\"action\":\"change_page\",\"value\":1}},{\"text\":\" Back to Index\",\"color\":\"reset\",\"bold\":true,\"clickEvent\":{\"action\":\"change_page\",\"value\":1}}]','[\"\",{\"text\":\"\\\\u25b6\",\"color\":\"dark_gray\"},{\"text\":\" Mining Notes\",\"color\":\"blue\"},{\"text\":\"\\\\n\",\"color\":\"reset\"},{\"text\":\"If you mine \",\"color\":\"dark_green\"},{\"text\":\"note blocks\",\"italic\":true,\"color\":\"dark_green\"},{\"text\":\" while \",\"color\":\"dark_green\"},{\"text\":\"sneaking\",\"bold\":true,\"color\":\"dark_green\"},{\"text\":\" you can get item drops renamed to \",\"color\":\"dark_green\"},{\"text\":\"note values\",\"italic\":true,\"color\":\"dark_green\"},{\"text\":\"!\\\\n\\\\nTo make it even more convenient the blocks automatically restore their original \",\"color\":\"dark_green\"},{\"text\":\"note value\",\"italic\":true,\"color\":\"dark_green\"},{\"text\":\" when placed.\",\"color\":\"dark_green\"},{\"text\":\"\\\\n\",\"color\":\"reset\"},{\"text\":\"\\\\u25b6\",\"color\":\"gray\",\"clickEvent\":{\"action\":\"change_page\",\"value\":1}},{\"text\":\" Back to Index\",\"color\":\"reset\",\"bold\":true,\"clickEvent\":{\"action\":\"change_page\",\"value\":1}}]','[\"\",{\"text\":\"\\\\u25b6\",\"color\":\"dark_gray\"},{\"text\":\" Credits\",\"color\":\"blue\"},{\"text\":\"\\\\n\",\"color\":\"reset\"},{\"text\":\"Design: \",\"color\":\"dark_green\"},{\"text\":\"CassMC\",\"bold\":true,\"color\":\"dark_green\",\"clickEvent\":{\"action\":\"open_url\",\"value\":\"https://www.youtube.com/@MaizumaChannel\"}},{\"text\":\"\\\\n   \",\"color\":\"dark_green\"},{\"text\":\"@\",\"color\":\"dark_green\",\"clickEvent\":{\"action\":\"open_url\",\"value\":\"https://twitter.com/MaizumaGames\"}},{\"text\":\"MaizumaGames\",\"bold\":true,\"color\":\"dark_green\",\"clickEvent\":{\"action\":\"open_url\",\"value\":\"https://www.youtube.com/@MaizumaGames\"}},{\"text\":\"\\\\n\",\"color\":\"reset\"},{\"text\":\"Thanks: \",\"color\":\"dark_red\"},{\"text\":\"MCC\",\"bold\":true,\"color\":\"dark_red\",\"clickEvent\":{\"action\":\"open_url\",\"value\":\"https://www.reddit.com/r/MinecraftCommands/\"}},{\"text\":\" Community\",\"color\":\"dark_red\",\"clickEvent\":{\"action\":\"open_url\",\"value\":\"https://www.reddit.com/r/MinecraftCommands/\"}},{\"text\":\"\\\\n\\\\n\",\"color\":\"reset\"},{\"text\":\"\\\\u25b6\",\"color\":\"dark_gray\"},{\"text\":\" Patrons\",\"color\":\"blue\"},{\"text\":\"\\\\nLuis Manuel Rodriguez Matos, Austin Judge, Kevin Miller, Goobaroo, Nkechi Mtume Alexander, PandaGrove\\\\n\\\\n\",\"color\":\"reset\"},{\"text\":\"\\\\u25b6\",\"color\":\"gray\",\"clickEvent\":{\"action\":\"change_page\",\"value\":1}},{\"text\":\" Back to Index\",\"color\":\"reset\",\"bold\":true,\"clickEvent\":{\"action\":\"change_page\",\"value\":1}}]'],title:\"NoteBlock Maestro Manual\",author:\"CassMC\",display:{Lore:[\"Learn about the features and how to activate them!\"]}}"
            }
          ]
        }
      ]
    }
  ]
}
