{
    "condition": "minecraft:any_of",
    "terms": [
        {
            "condition": "minecraft:match_tool",
            "predicate": {
                "nbt": "{EntityTag:{variant:\"minecraft:alban\"}}"
            }
        },
        {
            "condition": "minecraft:match_tool",
            "predicate": {
                "nbt": "{EntityTag:{variant:\"minecraft:aztec\"}}"
            }
        },
        {
            "condition": "minecraft:match_tool",
            "predicate": {
                "nbt": "{EntityTag:{variant:\"minecraft:aztec2\"}}"
            }
        },
        {
            "condition": "minecraft:match_tool",
            "predicate": {
                "nbt": "{EntityTag:{variant:\"minecraft:bomb\"}}"
            }
        },
        {
            "condition": "minecraft:match_tool",
            "predicate": {
                "nbt": "{EntityTag:{variant:\"minecraft:kebab\"}}"
            }
        },
        {
            "condition": "minecraft:match_tool",
            "predicate": {
                "nbt": "{EntityTag:{variant:\"minecraft:plant\"}}"
            }
        },
        {
            "condition": "minecraft:match_tool",
            "predicate": {
                "nbt": "{EntityTag:{variant:\"minecraft:wasteland\"}}"
            }
        },
        {
            "condition": "minecraft:match_tool",
            "predicate": {
                "nbt": "{EntityTag:{variant:\"minecraft:graham\"}}"
            }
        },
        {
            "condition": "minecraft:match_tool",
            "predicate": {
                "nbt": "{EntityTag:{variant:\"minecraft:wanderer\"}}"
            }
        },
        {
            "condition": "minecraft:match_tool",
            "predicate": {
                "nbt": "{EntityTag:{variant:\"minecraft:courbet\"}}"
            }
        },
        {
            "condition": "minecraft:match_tool",
            "predicate": {
                "nbt": "{EntityTag:{variant:\"minecraft:pool\"}}"
            }
        },
        {
            "condition": "minecraft:match_tool",
            "predicate": {
                "nbt": "{EntityTag:{variant:\"minecraft:sea\"}}"
            }
        },
        {
            "condition": "minecraft:match_tool",
            "predicate": {
                "nbt": "{EntityTag:{variant:\"minecraft:creebet\"}}"
            }
        },
        {
            "condition": "minecraft:match_tool",
            "predicate": {
                "nbt": "{EntityTag:{variant:\"minecraft:sunset\"}}"
            }
        },
        {
            "condition": "minecraft:match_tool",
            "predicate": {
                "nbt": "{EntityTag:{variant:\"minecraft:bust\"}}"
            }
        },
        {
            "condition": "minecraft:match_tool",
            "predicate": {
                "nbt": "{EntityTag:{variant:\"minecraft:match\"}}"
            }
        },
        {
            "condition": "minecraft:match_tool",
            "predicate": {
                "nbt": "{EntityTag:{variant:\"minecraft:skull_and_roses\"}}"
            }
        },
        {
            "condition": "minecraft:match_tool",
            "predicate": {
                "nbt": "{EntityTag:{variant:\"minecraft:stage\"}}"
            }
        },
        {
            "condition": "minecraft:match_tool",
            "predicate": {
                "nbt": "{EntityTag:{variant:\"minecraft:void\"}}"
            }
        },
        {
            "condition": "minecraft:match_tool",
            "predicate": {
                "nbt": "{EntityTag:{variant:\"minecraft:wither\"}}"
            }
        },
        {
            "condition": "minecraft:match_tool",
            "predicate": {
                "nbt": "{EntityTag:{variant:\"minecraft:fighters\"}}"
            }
        },
        {
            "condition": "minecraft:match_tool",
            "predicate": {
                "nbt": "{EntityTag:{variant:\"minecraft:donkey_kong\"}}"
            }
        },
        {
            "condition": "minecraft:match_tool",
            "predicate": {
                "nbt": "{EntityTag:{variant:\"minecraft:skeleton\"}}"
            }
        },
        {
            "condition": "minecraft:match_tool",
            "predicate": {
                "nbt": "{EntityTag:{variant:\"minecraft:burning_skull\"}}"
            }
        },
        {
            "condition": "minecraft:match_tool",
            "predicate": {
                "nbt": "{EntityTag:{variant:\"minecraft:pigscene\"}}"
            }
        },
        {
            "condition": "minecraft:match_tool",
            "predicate": {
                "nbt": "{EntityTag:{variant:\"minecraft:pointer\"}}"
            }
        },
        {
            "condition": "minecraft:match_tool",
            "predicate": {
                "nbt": "{EntityTag:{variant:\"minecraft:earth\"}}"
            }
        },
        {
            "condition": "minecraft:match_tool",
            "predicate": {
                "nbt": "{EntityTag:{variant:\"minecraft:fire\"}}"
            }
        },
        {
            "condition": "minecraft:match_tool",
            "predicate": {
                "nbt": "{EntityTag:{variant:\"minecraft:water\"}}"
            }
        },
        {
            "condition": "minecraft:match_tool",
            "predicate": {
                "nbt": "{EntityTag:{variant:\"minecraft:wind\"}}"
            }
        }
    ]
}
