{"display":{"title":{"translate":"simpledrawer.advancement.upgrade.netherite.title"},"description":{"translate":"simpledrawer.advancement.upgrade.description","with":[{"translate":"simpledrawer.advancement.netherite"}]},"icon":{"item":"minecraft:jigsaw","nbt":"{CustomModelData:1430005}"},"frame":"challenge","show_toast":true,"announce_to_chat":true,"hidden":false},"criteria":{"Use netherite upgrade":{"trigger":"minecraft:impossible","conditions":{"player":[{"condition":"minecraft:value_check","value":{"type":"minecraft:score","target":{"type":"minecraft:fixed","name":"#simpledrawer.major"},"score":"load.status"},"range":1},{"condition":"minecraft:value_check","value":{"type":"minecraft:score","target":{"type":"minecraft:fixed","name":"#simpledrawer.minor"},"score":"load.status"},"range":11},{"condition":"minecraft:value_check","value":{"type":"minecraft:score","target":{"type":"minecraft:fixed","name":"#simpledrawer.patch"},"score":"load.status"},"range":2}]}}},"parent":"simpledrawer:display/upgrade/star"}