[
  {
    "condition": "minecraft:entity_properties",
    "entity": "this",
    "predicate": {
      "type": "#chest_pickup:minecart_with_block",
      "location": {
        "block": {
          "blocks": [
            "minecraft:activator_rail"
          ],
          "state": {
            "powered": true
          }
        }
      }
    }
  },
  {
    "condition": "minecraft:inverted",
    "term": {
      "condition": "minecraft:entity_properties",
      "entity": "this",
      "predicate": {
        "nbt": "{Tags:[\"minecart.dont_activate\"]}"
      }
    }
  }
]