[
  {
    "condition": "minecraft:entity_properties",
    "entity": "this",
    "predicate": {
      "type": "minecraft:minecart",
      "location": {
        "block": {
          "tag": "minecraft:rails"
        }
      }
    }
  },
  {
    "condition": "minecraft:inverted",
    "term": {
      "condition": "minecraft:entity_properties",
      "entity": "this",
      "predicate": {
        "passenger": {}
      }
    }
  },
  {
    "condition": "minecraft:inverted",
    "term": {
      "condition": "minecraft:entity_properties",
      "entity": "this",
      "predicate": {
        "location": {
          "block": {
            "blocks": [
              "minecraft:activator_rail"
            ],
            "state": {
              "powered": true
            }
          }
        }
      }
    }
  }
]