{
  "condition": "minecraft:alternative",
  "terms": [
      {
        "condition": "minecraft:entity_properties",
        "entity": "this",
        "predicate": {
          "type": "minecraft:chest_minecart",
          "nbt": "{Tags:[\"minecart.with.dropper\"]}"
        }
      },
      {
        "condition": "minecraft:entity_properties",
        "entity": "this",
        "predicate": {
          "type": "minecraft:chest_minecart",
          "nbt": "{Tags:[\"minecart.with.dispenser\"]}"
        }
      }
    ]
  }
  