[
    {
      "condition": "minecraft:entity_properties",
      "entity": "this",
      "predicate": {
        "type": "minecraft:marker",
        "nbt": "{Tags:[\"minecart_helper.with_special\"]}"
      }
    },
    {
      "condition": "minecraft:inverted",
      "term": {
        "condition": "minecraft:entity_properties",
        "entity": "this",
        "predicate": {
          "vehicle": {
            "type": "minecraft:chest_minecart"
          }
        }
      }
    }
  ]