[
  {
    "condition": "minecraft:alternative",
    "terms": [
      {
        "condition": "minecraft:block_state_property",
        "block": "minecraft:note_block",
        "properties": {
          "instrument": "harp"
        }
      },
      {
        "condition": "minecraft:block_state_property",
        "block": "minecraft:note_block",
        "properties": {
          "note": "0"
        }
      },
      {
        "condition": "minecraft:block_state_property",
        "block": "minecraft:note_block",
        "properties": {
          "note": "1"
        }
      }
    ]
  }
]
