{
  "display": {
    "icon": {
      "item": "minecraft:note_block"
    },
    "title": {
      "text": "Welcome to NoteBlock Maestro!"
    },
    "description": "Thanks for tuning in",
    "background": "minecraft:textures/gui/advancements/backgrounds/adventure.png",
    "frame": "goal",
    "show_toast": true,
    "announce_to_chat": false,
    "hidden": true
  },
  "criteria": {
    "requirement": {
      "trigger": "minecraft:tick",
      "conditions": {
        "player": [
          {
            "condition": "minecraft:entity_scores",
            "entity": "this",
            "scores": {
              "NoteBlockMaestro": 1
            }
          }
        ]
      }
    }
  },
  "rewards": {
    "function": "nbm:action/action.activation",
    "loot": [
      "nbm:nbm.activation_reward"
    ],
    "recipes": [
      "minecraft:note_block"
    ]
  }
}
