{
  "criteria": {
    "requirement": {
      "trigger": "minecraft:tick",
      "conditions": {
        "player": [
          {
            "condition": "minecraft:entity_properties",
            "entity": "this",
            "predicate": {
              "type": "minecraft:player",
              "type_specific": {
                "type": "player",
                "advancements": {
                  "nbm:greetings": false
                }
              }
            }
          }
        ]
      }
    }
  },
  "rewards": {
    "function": "nbm:action/action.greetings",
    "loot": [
      "nbm:nbm.greetings_reward"
    ]
  }
}
