[
  {
    "condition": "minecraft:alternative",
    "terms": [
      {
        "condition": "minecraft:entity_scores",
        "entity": "this",
        "scores": {
          "nbm.probe": 1002
        }
      },
      {
        "condition": "minecraft:entity_scores",
        "entity": "this",
        "scores": {
          "nbm.sneak": 1
        }
      }
    ]
  },
  {
    "condition": "minecraft:entity_scores",
    "entity": "this",
    "scores": {
      "nbm.probe": {
        "min": 1001
      }
    }
  }
]
