{"parent":"minecraft:block/furnace","overrides":[{"predicate":{"custom_model_data":1430000},"model":"simpledrawer:block/item/drawer_wood_"},{"predicate":{"custom_model_data":1430000,"trim_type":0.143},"model":"simpledrawer:block/new_drawer/oak_full_drawers_1"},{"predicate":{"custom_model_data":1430000,"trim_type":0.143001},"model":"simpledrawer:block/new_drawer/spruce_full_drawers_1"},{"predicate":{"custom_model_data":1430000,"trim_type":0.143002},"model":"simpledrawer:block/new_drawer/birch_full_drawers_1"},{"predicate":{"custom_model_data":1430000,"trim_type":0.143003},"model":"simpledrawer:block/new_drawer/jungle_full_drawers_1"},{"predicate":{"custom_model_data":1430000,"trim_type":0.143004},"model":"simpledrawer:block/new_drawer/acacia_full_drawers_1"},{"predicate":{"custom_model_data":1430000,"trim_type":0.143005},"model":"simpledrawer:block/new_drawer/dark_oak_full_drawers_1"},{"predicate":{"custom_model_data":1430000,"trim_type":0.143006},"model":"simpledrawer:block/new_drawer/mangrove_full_drawers_1"},{"predicate":{"custom_model_data":1430000,"trim_type":0.143007},"model":"simpledrawer:block/new_drawer/cherry_full_drawers_1"},{"predicate":{"custom_model_data":1430000,"trim_type":0.143008},"model":"simpledrawer:block/new_drawer/crimson_full_drawers_1"},{"predicate":{"custom_model_data":1430000,"trim_type":0.143009},"model":"simpledrawer:block/new_drawer/warped_full_drawers_1"},{"predicate":{"custom_model_data":1430000,"trim_type":0.14301},"model":"simpledrawer:block/new_drawer/bamboo_full_drawers_1"},{"predicate":{"custom_model_data":1430000,"trim_type":0.143011},"model":"simpledrawer:block/new_drawer/compdrawers_open1"},{"predicate":{"custom_model_data":1430000,"trim_type":0.143012},"model":"simpledrawer:block/new_drawer/ice_full_drawers_1"},{"predicate":{"custom_model_data":1430001},"model":"simpledrawer:block/item/drawer_wood_tapped"},{"predicate":{"custom_model_data":1430001,"trim_type":0.143},"model":"simpledrawer:block/new_drawer/oak_full_drawers_2"},{"predicate":{"custom_model_data":1430001,"trim_type":0.143001},"model":"simpledrawer:block/new_drawer/spruce_full_drawers_2"},{"predicate":{"custom_model_data":1430001,"trim_type":0.143002},"model":"simpledrawer:block/new_drawer/birch_full_drawers_2"},{"predicate":{"custom_model_data":1430001,"trim_type":0.143003},"model":"simpledrawer:block/new_drawer/jungle_full_drawers_2"},{"predicate":{"custom_model_data":1430001,"trim_type":0.143004},"model":"simpledrawer:block/new_drawer/acacia_full_drawers_2"},{"predicate":{"custom_model_data":1430001,"trim_type":0.143005},"model":"simpledrawer:block/new_drawer/dark_oak_full_drawers_2"},{"predicate":{"custom_model_data":1430001,"trim_type":0.143006},"model":"simpledrawer:block/new_drawer/mangrove_full_drawers_2"},{"predicate":{"custom_model_data":1430001,"trim_type":0.143007},"model":"simpledrawer:block/new_drawer/cherry_full_drawers_2"},{"predicate":{"custom_model_data":1430001,"trim_type":0.143008},"model":"simpledrawer:block/new_drawer/crimson_full_drawers_2"},{"predicate":{"custom_model_data":1430001,"trim_type":0.143009},"model":"simpledrawer:block/new_drawer/warped_full_drawers_2"},{"predicate":{"custom_model_data":1430001,"trim_type":0.14301},"model":"simpledrawer:block/new_drawer/bamboo_full_drawers_2"},{"predicate":{"custom_model_data":1430001,"trim_type":0.143011},"model":"simpledrawer:block/new_drawer/compdrawers_open2"},{"predicate":{"custom_model_data":1430001,"trim_type":0.143012},"model":"simpledrawer:block/new_drawer/ice_full_drawers_2"},{"predicate":{"custom_model_data":1430002},"model":"simpledrawer:block/item/drawer_wood__hopper"},{"predicate":{"custom_model_data":1430002,"trim_type":0.143},"model":"simpledrawer:block/new_drawer/oak_full_drawers_4"},{"predicate":{"custom_model_data":1430002,"trim_type":0.143001},"model":"simpledrawer:block/new_drawer/spruce_full_drawers_4"},{"predicate":{"custom_model_data":1430002,"trim_type":0.143002},"model":"simpledrawer:block/new_drawer/birch_full_drawers_4"},{"predicate":{"custom_model_data":1430002,"trim_type":0.143003},"model":"simpledrawer:block/new_drawer/jungle_full_drawers_4"},{"predicate":{"custom_model_data":1430002,"trim_type":0.143004},"model":"simpledrawer:block/new_drawer/acacia_full_drawers_4"},{"predicate":{"custom_model_data":1430002,"trim_type":0.143005},"model":"simpledrawer:block/new_drawer/dark_oak_full_drawers_4"},{"predicate":{"custom_model_data":1430002,"trim_type":0.143006},"model":"simpledrawer:block/new_drawer/mangrove_full_drawers_4"},{"predicate":{"custom_model_data":1430002,"trim_type":0.143007},"model":"simpledrawer:block/new_drawer/cherry_full_drawers_4"},{"predicate":{"custom_model_data":1430002,"trim_type":0.143008},"model":"simpledrawer:block/new_drawer/crimson_full_drawers_4"},{"predicate":{"custom_model_data":1430002,"trim_type":0.143009},"model":"simpledrawer:block/new_drawer/warped_full_drawers_4"},{"predicate":{"custom_model_data":1430002,"trim_type":0.14301},"model":"simpledrawer:block/new_drawer/bamboo_full_drawers_4"},{"predicate":{"custom_model_data":1430002,"trim_type":0.143011},"model":"simpledrawer:block/new_drawer/compdrawers_open3"},{"predicate":{"custom_model_data":1430002,"trim_type":0.143012},"model":"simpledrawer:block/new_drawer/ice_full_drawers_4"},{"predicate":{"custom_model_data":1430003},"model":"simpledrawer:block/item/drawer_wood_tapped_hopper"},{"predicate":{"custom_model_data":1430003,"trim_type":0.143},"model":"simpledrawer:block/new_drawer/oak_full_drawers_1_tapped"},{"predicate":{"custom_model_data":1430003,"trim_type":0.143001},"model":"simpledrawer:block/new_drawer/spruce_full_drawers_1_tapped"},{"predicate":{"custom_model_data":1430003,"trim_type":0.143002},"model":"simpledrawer:block/new_drawer/birch_full_drawers_1_tapped"},{"predicate":{"custom_model_data":1430003,"trim_type":0.143003},"model":"simpledrawer:block/new_drawer/jungle_full_drawers_1_tapped"},{"predicate":{"custom_model_data":1430003,"trim_type":0.143004},"model":"simpledrawer:block/new_drawer/acacia_full_drawers_1_tapped"},{"predicate":{"custom_model_data":1430003,"trim_type":0.143005},"model":"simpledrawer:block/new_drawer/dark_oak_full_drawers_1_tapped"},{"predicate":{"custom_model_data":1430003,"trim_type":0.143006},"model":"simpledrawer:block/new_drawer/mangrove_full_drawers_1_tapped"},{"predicate":{"custom_model_data":1430003,"trim_type":0.143007},"model":"simpledrawer:block/new_drawer/cherry_full_drawers_1_tapped"},{"predicate":{"custom_model_data":1430003,"trim_type":0.143008},"model":"simpledrawer:block/new_drawer/crimson_full_drawers_1_tapped"},{"predicate":{"custom_model_data":1430003,"trim_type":0.143009},"model":"simpledrawer:block/new_drawer/warped_full_drawers_1_tapped"},{"predicate":{"custom_model_data":1430003,"trim_type":0.14301},"model":"simpledrawer:block/new_drawer/bamboo_full_drawers_1_tapped"},{"predicate":{"custom_model_data":1430003,"trim_type":0.143011},"model":"simpledrawer:block/new_drawer/compdrawers_open1_tapped"},{"predicate":{"custom_model_data":1430003,"trim_type":0.143012},"model":"simpledrawer:block/new_drawer/ice_full_drawers_1_tapped"},{"predicate":{"custom_model_data":1430004},"model":"simpledrawer:block/item/drawer_iron_"},{"predicate":{"custom_model_data":1430004,"trim_type":0.143},"model":"simpledrawer:block/new_drawer/oak_full_drawers_2_tapped"},{"predicate":{"custom_model_data":1430004,"trim_type":0.143001},"model":"simpledrawer:block/new_drawer/spruce_full_drawers_2_tapped"},{"predicate":{"custom_model_data":1430004,"trim_type":0.143002},"model":"simpledrawer:block/new_drawer/birch_full_drawers_2_tapped"},{"predicate":{"custom_model_data":1430004,"trim_type":0.143003},"model":"simpledrawer:block/new_drawer/jungle_full_drawers_2_tapped"},{"predicate":{"custom_model_data":1430004,"trim_type":0.143004},"model":"simpledrawer:block/new_drawer/acacia_full_drawers_2_tapped"},{"predicate":{"custom_model_data":1430004,"trim_type":0.143005},"model":"simpledrawer:block/new_drawer/dark_oak_full_drawers_2_tapped"},{"predicate":{"custom_model_data":1430004,"trim_type":0.143006},"model":"simpledrawer:block/new_drawer/mangrove_full_drawers_2_tapped"},{"predicate":{"custom_model_data":1430004,"trim_type":0.143007},"model":"simpledrawer:block/new_drawer/cherry_full_drawers_2_tapped"},{"predicate":{"custom_model_data":1430004,"trim_type":0.143008},"model":"simpledrawer:block/new_drawer/crimson_full_drawers_2_tapped"},{"predicate":{"custom_model_data":1430004,"trim_type":0.143009},"model":"simpledrawer:block/new_drawer/warped_full_drawers_2_tapped"},{"predicate":{"custom_model_data":1430004,"trim_type":0.14301},"model":"simpledrawer:block/new_drawer/bamboo_full_drawers_2_tapped"},{"predicate":{"custom_model_data":1430004,"trim_type":0.143011},"model":"simpledrawer:block/new_drawer/compdrawers_open2_tapped"},{"predicate":{"custom_model_data":1430004,"trim_type":0.143012},"model":"simpledrawer:block/new_drawer/ice_full_drawers_2_tapped"},{"predicate":{"custom_model_data":1430005},"model":"simpledrawer:block/item/drawer_iron_tapped"},{"predicate":{"custom_model_data":1430005,"trim_type":0.143},"model":"simpledrawer:block/new_drawer/oak_full_drawers_4_tapped"},{"predicate":{"custom_model_data":1430005,"trim_type":0.143001},"model":"simpledrawer:block/new_drawer/spruce_full_drawers_4_tapped"},{"predicate":{"custom_model_data":1430005,"trim_type":0.143002},"model":"simpledrawer:block/new_drawer/birch_full_drawers_4_tapped"},{"predicate":{"custom_model_data":1430005,"trim_type":0.143003},"model":"simpledrawer:block/new_drawer/jungle_full_drawers_4_tapped"},{"predicate":{"custom_model_data":1430005,"trim_type":0.143004},"model":"simpledrawer:block/new_drawer/acacia_full_drawers_4_tapped"},{"predicate":{"custom_model_data":1430005,"trim_type":0.143005},"model":"simpledrawer:block/new_drawer/dark_oak_full_drawers_4_tapped"},{"predicate":{"custom_model_data":1430005,"trim_type":0.143006},"model":"simpledrawer:block/new_drawer/mangrove_full_drawers_4_tapped"},{"predicate":{"custom_model_data":1430005,"trim_type":0.143007},"model":"simpledrawer:block/new_drawer/cherry_full_drawers_4_tapped"},{"predicate":{"custom_model_data":1430005,"trim_type":0.143008},"model":"simpledrawer:block/new_drawer/crimson_full_drawers_4_tapped"},{"predicate":{"custom_model_data":1430005,"trim_type":0.143009},"model":"simpledrawer:block/new_drawer/warped_full_drawers_4_tapped"},{"predicate":{"custom_model_data":1430005,"trim_type":0.14301},"model":"simpledrawer:block/new_drawer/bamboo_full_drawers_4_tapped"},{"predicate":{"custom_model_data":1430005,"trim_type":0.143011},"model":"simpledrawer:block/new_drawer/compdrawers_open3_tapped"},{"predicate":{"custom_model_data":1430005,"trim_type":0.143012},"model":"simpledrawer:block/new_drawer/ice_full_drawers_4_tapped"},{"predicate":{"custom_model_data":1430006},"model":"simpledrawer:block/item/drawer_iron__hopper"},{"predicate":{"custom_model_data":1430007},"model":"simpledrawer:block/item/drawer_iron_tapped_hopper"},{"predicate":{"custom_model_data":1430008},"model":"simpledrawer:block/item/drawer_gold_"},{"predicate":{"custom_model_data":1430009},"model":"simpledrawer:block/item/drawer_gold_tapped"},{"predicate":{"custom_model_data":1430010},"model":"simpledrawer:block/item/drawer_gold__hopper"},{"predicate":{"custom_model_data":1430011},"model":"simpledrawer:block/item/drawer_gold_tapped_hopper"},{"predicate":{"custom_model_data":1430012},"model":"simpledrawer:block/item/drawer_diamond_"},{"predicate":{"custom_model_data":1430013},"model":"simpledrawer:block/item/drawer_diamond_tapped"},{"predicate":{"custom_model_data":1430014},"model":"simpledrawer:block/item/drawer_diamond__hopper"},{"predicate":{"custom_model_data":1430015},"model":"simpledrawer:block/item/drawer_diamond_tapped_hopper"},{"predicate":{"custom_model_data":1430016},"model":"simpledrawer:block/item/drawer_star_"},{"predicate":{"custom_model_data":1430017},"model":"simpledrawer:block/item/drawer_star_tapped"},{"predicate":{"custom_model_data":1430018},"model":"simpledrawer:block/item/drawer_star__hopper"},{"predicate":{"custom_model_data":1430019},"model":"simpledrawer:block/item/drawer_star_tapped_hopper"},{"predicate":{"custom_model_data":1430020},"model":"simpledrawer:block/item/drawer_netherite_"},{"predicate":{"custom_model_data":1430021},"model":"simpledrawer:block/item/drawer_netherite_tapped"},{"predicate":{"custom_model_data":1430022},"model":"simpledrawer:block/item/drawer_netherite__hopper"},{"predicate":{"custom_model_data":1430023},"model":"simpledrawer:block/item/drawer_netherite_tapped_hopper"},{"predicate":{"custom_model_data":4250001},"model":"smithed.crafter:block/table"}]}