{
    "parent": "minecraft:item/handheld",
    "textures": {
        "layer0": "minecraft:item/wooden_sword"
    },
    "overrides": [
        {"predicate": { "custom_model_data": 311001}, "model": "tooltrims:item/trims/wooden_sword_linear_amethyst"},
        {"predicate": { "custom_model_data": 311002}, "model": "tooltrims:item/trims/wooden_sword_linear_copper"},
        {"predicate": { "custom_model_data": 311003}, "model": "tooltrims:item/trims/wooden_sword_linear_diamond"},
        {"predicate": { "custom_model_data": 311004}, "model": "tooltrims:item/trims/wooden_sword_linear_emerald"},
        {"predicate": { "custom_model_data": 311005}, "model": "tooltrims:item/trims/wooden_sword_linear_gold"},
        {"predicate": { "custom_model_data": 311006}, "model": "tooltrims:item/trims/wooden_sword_linear_iron"},
        {"predicate": { "custom_model_data": 311007}, "model": "tooltrims:item/trims/wooden_sword_linear_lapis"},
        {"predicate": { "custom_model_data": 311008}, "model": "tooltrims:item/trims/wooden_sword_linear_netherite"},
        {"predicate": { "custom_model_data": 311009}, "model": "tooltrims:item/trims/wooden_sword_linear_quartz"},
        {"predicate": { "custom_model_data": 311010}, "model": "tooltrims:item/trims/wooden_sword_linear_redstone"},
        {"predicate": { "custom_model_data": 311011}, "model": "tooltrims:item/trims/wooden_sword_tracks_amethyst"},
        {"predicate": { "custom_model_data": 311012}, "model": "tooltrims:item/trims/wooden_sword_tracks_copper"},
        {"predicate": { "custom_model_data": 311013}, "model": "tooltrims:item/trims/wooden_sword_tracks_diamond"},
        {"predicate": { "custom_model_data": 311014}, "model": "tooltrims:item/trims/wooden_sword_tracks_emerald"},
        {"predicate": { "custom_model_data": 311015}, "model": "tooltrims:item/trims/wooden_sword_tracks_gold"},
        {"predicate": { "custom_model_data": 311016}, "model": "tooltrims:item/trims/wooden_sword_tracks_iron"},
        {"predicate": { "custom_model_data": 311017}, "model": "tooltrims:item/trims/wooden_sword_tracks_lapis"},
        {"predicate": { "custom_model_data": 311018}, "model": "tooltrims:item/trims/wooden_sword_tracks_netherite"},
        {"predicate": { "custom_model_data": 311019}, "model": "tooltrims:item/trims/wooden_sword_tracks_quartz"},
        {"predicate": { "custom_model_data": 311020}, "model": "tooltrims:item/trims/wooden_sword_tracks_redstone"},
        {"predicate": { "custom_model_data": 311021}, "model": "tooltrims:item/trims/wooden_sword_charge_amethyst"},
        {"predicate": { "custom_model_data": 311022}, "model": "tooltrims:item/trims/wooden_sword_charge_copper"},
        {"predicate": { "custom_model_data": 311023}, "model": "tooltrims:item/trims/wooden_sword_charge_diamond"},
        {"predicate": { "custom_model_data": 311024}, "model": "tooltrims:item/trims/wooden_sword_charge_emerald"},
        {"predicate": { "custom_model_data": 311025}, "model": "tooltrims:item/trims/wooden_sword_charge_gold"},
        {"predicate": { "custom_model_data": 311026}, "model": "tooltrims:item/trims/wooden_sword_charge_iron"},
        {"predicate": { "custom_model_data": 311027}, "model": "tooltrims:item/trims/wooden_sword_charge_lapis"},
        {"predicate": { "custom_model_data": 311028}, "model": "tooltrims:item/trims/wooden_sword_charge_netherite"},
        {"predicate": { "custom_model_data": 311029}, "model": "tooltrims:item/trims/wooden_sword_charge_quartz"},
        {"predicate": { "custom_model_data": 311030}, "model": "tooltrims:item/trims/wooden_sword_charge_redstone"},
        {"predicate": { "custom_model_data": 311031}, "model": "tooltrims:item/trims/wooden_sword_frost_amethyst"},
        {"predicate": { "custom_model_data": 311032}, "model": "tooltrims:item/trims/wooden_sword_frost_copper"},
        {"predicate": { "custom_model_data": 311033}, "model": "tooltrims:item/trims/wooden_sword_frost_diamond"},
        {"predicate": { "custom_model_data": 311034}, "model": "tooltrims:item/trims/wooden_sword_frost_emerald"},
        {"predicate": { "custom_model_data": 311035}, "model": "tooltrims:item/trims/wooden_sword_frost_gold"},
        {"predicate": { "custom_model_data": 311036}, "model": "tooltrims:item/trims/wooden_sword_frost_iron"},
        {"predicate": { "custom_model_data": 311037}, "model": "tooltrims:item/trims/wooden_sword_frost_lapis"},
        {"predicate": { "custom_model_data": 311038}, "model": "tooltrims:item/trims/wooden_sword_frost_netherite"},
        {"predicate": { "custom_model_data": 311039}, "model": "tooltrims:item/trims/wooden_sword_frost_quartz"},
        {"predicate": { "custom_model_data": 311040}, "model": "tooltrims:item/trims/wooden_sword_frost_redstone"},
        {
            "predicate": {
              "custom_model_data": 7701
            },
            "model": "item/walkman"
          },
          {
            "predicate": {
              "custom_model_data": 7702
            },
            "model": "item/pjb/walkman_cat"
          },
          {
            "predicate": {
              "custom_model_data": 7703
            },
            "model": "item/pjb/walkman_13"
          },
          {
            "predicate": {
              "custom_model_data": 7704
            },
            "model": "item/pjb/walkman_blocks"
          },
          {
            "predicate": {
              "custom_model_data": 7705
            },
            "model": "item/pjb/walkman_chirp"
          },
          {
            "predicate": {
              "custom_model_data": 7706
            },
            "model": "item/pjb/walkman_far"
          },
          {
            "predicate": {
              "custom_model_data": 7707
            },
            "model": "item/pjb/walkman_mall"
          },
          {
            "predicate": {
              "custom_model_data": 7708
            },
            "model": "item/pjb/walkman_mellohi"
          },
          {
            "predicate": {
              "custom_model_data": 7709
            },
            "model": "item/pjb/walkman_stal"
          },
          {
            "predicate": {
              "custom_model_data": 7710
            },
            "model": "item/pjb/walkman_strad"
          },
          {
            "predicate": {
              "custom_model_data": 7711
            },
            "model": "item/pjb/walkman_11"
          },
          {
            "predicate": {
              "custom_model_data": 7712
            },
            "model": "item/pjb/walkman_wait"
          },
          {
            "predicate": {
              "custom_model_data": 7713
            },
            "model": "item/pjb/walkman_ward"
          },
          {
            "predicate": {
              "custom_model_data": 7714
            },
            "model": "item/pjb/walkman_pigstep"
          },
          {
            "predicate": {
              "custom_model_data": 7715
            },
            "model": "item/pjb/walkman_otherside"
          },
          {
            "predicate": {
              "custom_model_data": 7716
            },
            "model": "item/pjb/walkman_5"
          },
          {
            "predicate": {
              "custom_model_data": 7717
            },
            "model": "item/pjb/walkman_relic"
          },
          {
            "predicate": {
              "custom_model_data": 7718
            },
            "model": "item/pjb/walkman_minecraft"
          },
          {
            "predicate": {
              "custom_model_data": 7719
            },
            "model": "item/pjb/walkman_sweden"
          },
          {
            "predicate": {
              "custom_model_data": 7720
            },
            "model": "item/pjb/walkman_blind_spots"
          },
          {
            "predicate": {
              "custom_model_data": 7721
            },
            "model": "item/pjb/walkman_aria_math"
          },
          {
            "predicate": {
              "custom_model_data": 7722
            },
            "model": "item/pjb/walkman_haggstrom"
          },
          {
            "predicate": {
              "custom_model_data": 7723
            },
            "model": "item/pjb/walkman_bromeliad"
          },
          {
            "predicate": {
              "custom_model_data": 7724
            },
            "model": "item/pjb/walkman_an_ordinary_day"
          },
          {
            "predicate": {
              "custom_model_data": 7725
            },
            "model": "item/pjb/walkman_aerie"
          },
          {
            "predicate": {
              "custom_model_data": 7726
            },
            "model": "item/pjb/walkman_stand_tall"
          },
          {
            "predicate": {
              "custom_model_data": 7727
            },
            "model": "item/pjb/walkman_crescent_dunes"
          },
          {
            "predicate": {
              "custom_model_data": 7728
            },
            "model": "item/pjb/walkman_axolotl"
          },
          {
            "predicate": {
              "custom_model_data": 7729
            },
            "model": "item/pjb/walkman_dragon_fish"
          },
          {
            "predicate": {
              "custom_model_data": 7730
            },
            "model": "item/pjb/walkman_shuniji"
          },
          {
            "predicate": {
              "custom_model_data": 7731
            },
            "model": "item/pjb/walkman_concrete_halls"
          },
          {
            "predicate": {
              "custom_model_data": 7732
            },
            "model": "item/pjb/walkman_chrysopoeia"
          },
          {
            "predicate": {
              "custom_model_data": 7733
            },
            "model": "item/pjb/walkman_rubedo"
          },
          {
            "predicate": {
              "custom_model_data": 7734
            },
            "model": "item/pjb/cassette_minecraft"
          },
          {
            "predicate": {
              "custom_model_data": 7735
            },
            "model": "item/pjb/cassette_sweden"
          },
          {
            "predicate": {
              "custom_model_data": 7736
            },
            "model": "item/pjb/cassette_blind_spots"
          },
          {
            "predicate": {
              "custom_model_data": 7737
            },
            "model": "item/pjb/cassette_aria_math"
          },
          {
            "predicate": {
              "custom_model_data": 7738
            },
            "model": "item/pjb/cassette_haggstrom"
          },
          {
            "predicate": {
              "custom_model_data": 7739
            },
            "model": "item/pjb/cassette_bromeliad"
          },
          {
            "predicate": {
              "custom_model_data": 7740
            },
            "model": "item/pjb/cassette_an_ordinary_day"
          },
          {
            "predicate": {
              "custom_model_data": 7741
            },
            "model": "item/pjb/cassette_aerie"
          },
          {
            "predicate": {
              "custom_model_data": 7742
            },
            "model": "item/pjb/cassette_stand_tall"
          },
          {
            "predicate": {
              "custom_model_data": 7743
            },
            "model": "item/pjb/cassette_crescent_dunes"
          },
          {
            "predicate": {
              "custom_model_data": 7744
            },
            "model": "item/pjb/cassette_axolotl"
          },
          {
            "predicate": {
              "custom_model_data": 7745
            },
            "model": "item/pjb/cassette_dragon_fish"
          },
          {
            "predicate": {
              "custom_model_data": 7746
            },
            "model": "item/pjb/cassette_shuniji"
          },
          {
            "predicate": {
              "custom_model_data": 7747
            },
            "model": "item/pjb/cassette_concrete_halls"
          },
          {
            "predicate": {
              "custom_model_data": 7748
            },
            "model": "item/pjb/cassette_chrysopoeia"
          },
          {
            "predicate": {
              "custom_model_data": 7749
            },
            "model": "item/pjb/cassette_rubedo"
          }
    ]
}