{
	"credit": "Made with Blockbench",
	"parent": "minecraft:item/handheld",
	"textures": {
		"layer0": "mtool:item/diamond_halberd"
	},
	"gui_light": "front",
	"display": {
		"thirdperson_righthand": {
			"rotation": [-45, -90, 0],
			"translation": [0, 3.5, 1.5],
			"scale": [2, 2, 1]
		},
		"thirdperson_lefthand": {
			"rotation": [-45, 90, 0],
			"translation": [0, 3.5, 1.5],
			"scale": [2, 2, 1]
		},
		"firstperson_righthand": {
			"rotation": [-149.98, -84.72, -77.6],
			"translation": [7.25, 3, -5],
			"scale": [2, 2, 1]
		},
		"firstperson_lefthand": {
			"rotation": [-147.73, 84.72, 77.6],
			"translation": [7.25, 3, -5],
			"scale": [2, 2, 1]
		},
		"ground": {
			"translation": [0, 4, 0]
		},
		"gui": {
			"translation": [0.25, 0.25, 0],
			"scale": [1.1, 1.1, 1]
		},
		"fixed": {
			"rotation": [0, -180, 0],
			"translation": [0, 0, -1],
			"scale": [1.3, 1.3, 1]
		}
	}
}