{
	"credit": "Made with Blockbench",
	"parent": "minecraft:item/handheld",
	"textures": {
		"layer0": "mtool:item/iron_halberd"
	},
	"display": {
		"thirdperson_righthand": {
			"rotation": [59.75, 94, 0],
			"translation": [0, 5.75, 3],
			"scale": [2, 2, 1]
		},
		"thirdperson_lefthand": {
			"rotation": [58, -86, 0],
			"translation": [-0.75, 3.75, 2.25],
			"scale": [2, 2, 1]
		},
		"firstperson_righthand": {
			"rotation": [38, 91.25, 0],
			"translation": [5, 0, 0],
			"scale": [2, 2, 1]
		},
		"firstperson_lefthand": {
			"rotation": [39.5, -94.75, 0],
			"translation": [6.25, 0, 0],
			"scale": [2, 2, 1]
		},
		"ground": {
			"translation": [0, 5.25, 0]
		},
		"fixed": {
			"rotation": [0, -180, 0],
			"translation": [0, 0, -0.5]
		}
	}
}