{
    "display": {
        "title": "Colouring Brush v1.0",
        "description": 
            [
                {
                    "text": "• Give, change, remove the colour of various coloured blocks using brush and dyes."
                },
                {
                    "text": "\n\n• Hold a brush and dyes/water in both hand and use the brush on wools, glasses, and even planks.",
                    "color": "yellow"
                },
                {
                    "text": "\n\n• Check out for updates on https://modrinth.com/user/lsk21kr",
                    "color": "blue"
                }
            ],
        "icon": {
            "item": "minecraft:brush"
        },
        "announce_to_chat": false,
        "show_toast": false
    },
    "parent": "global:guris",
    "criteria": {
        "trigger": {
            "trigger": "minecraft:tick"
        }
    }
}