{"display":{"title":{"translate":"simpledrawer.advancement.config.32_usage.title"},"description":{"translate":"Click 32 times on a drawer"},"icon":{"item":"minecraft:jigsaw","nbt":"{CustomModelData:1430007}"},"frame":"task","show_toast":true,"announce_to_chat":false,"hidden":true},"criteria":{"Click 32 times on a drawer":{"trigger":"minecraft:impossible","conditions":{"player":[{"condition":"minecraft:value_check","value":{"type":"minecraft:score","target":{"type":"minecraft:fixed","name":"#simpledrawer.major"},"score":"load.status"},"range":1},{"condition":"minecraft:value_check","value":{"type":"minecraft:score","target":{"type":"minecraft:fixed","name":"#simpledrawer.minor"},"score":"load.status"},"range":11},{"condition":"minecraft:value_check","value":{"type":"minecraft:score","target":{"type":"minecraft:fixed","name":"#simpledrawer.patch"},"score":"load.status"},"range":2}]}}},"parent":"simpledrawer:display/root"}