{"criteria":{"requirement":{"trigger":"minecraft:player_hurt_entity","conditions":{"entity":{"nbt":"{Tags:[\"simpledrawer.new_drawer.part.interaction\"]}"},"player":[{"condition":"minecraft:value_check","value":{"type":"minecraft:score","target":{"type":"minecraft:fixed","name":"#simpledrawer.major"},"score":"load.status"},"range":1},{"condition":"minecraft:value_check","value":{"type":"minecraft:score","target":{"type":"minecraft:fixed","name":"#simpledrawer.minor"},"score":"load.status"},"range":11},{"condition":"minecraft:value_check","value":{"type":"minecraft:score","target":{"type":"minecraft:fixed","name":"#simpledrawer.patch"},"score":"load.status"},"range":2}]}}},"rewards":{"function":"simpledrawer:v1.11.2/calls/new_drawer/working/interaction/attack"}}