{
  "parent": "nbm:turn_on",
  "criteria": {
    "requirement": {
      "trigger": "minecraft:tick",
      "conditions": {
        "player": [
          {
            "condition": "minecraft:inverted",
            "term": {
              "condition": "minecraft:entity_scores",
              "entity": "this",
              "scores": {
                "NoteBlockMaestro": {
                  "min": 0,
                  "max": 2
                }
              }
            }
          }
        ]
      }
    }
  },
  "rewards": {
    "function": "nbm:action/action.command"
  }
}
