{
    "values": [
      {
        "id": "minecraft:black_concrete",
        "required": false
      },
      {
        "id": "minecraft:blue_concrete",
        "required": false
      },
      {
        "id": "minecraft:brown_concrete",
        "required": false
      },
      {
        "id": "minecraft:cyan_concrete",
        "required": false
      },
      {
        "id": "minecraft:gray_concrete",
        "required": false
      },
      {
        "id": "minecraft:green_concrete",
        "required": false
      },
      {
        "id": "minecraft:light_blue_concrete",
        "required": false
      },
      {
        "id": "minecraft:light_gray_concrete",
        "required": false
      },
      {
        "id": "minecraft:lime_concrete",
        "required": false
      },
      {
        "id": "minecraft:magenta_concrete",
        "required": false
      },
      {
        "id": "minecraft:orange_concrete",
        "required": false
      },
      {
        "id": "minecraft:pink_concrete",
        "required": false
      },
      {
        "id": "minecraft:purple_concrete",
        "required": false
      },
      {
        "id": "minecraft:red_concrete",
        "required": false
      },
      {
        "id": "minecraft:white_concrete",
        "required": false
      },
      {
        "id": "minecraft:yellow_concrete",
        "required": false
      }
    ]
  }
  