{
    "values": [
      {
        "id": "minecraft:black_glazed_terracotta",
        "required": false
      },
      {
        "id": "minecraft:blue_glazed_terracotta",
        "required": false
      },
      {
        "id": "minecraft:brown_glazed_terracotta",
        "required": false
      },
      {
        "id": "minecraft:cyan_glazed_terracotta",
        "required": false
      },
      {
        "id": "minecraft:gray_glazed_terracotta",
        "required": false
      },
      {
        "id": "minecraft:green_glazed_terracotta",
        "required": false
      },
      {
        "id": "minecraft:light_blue_glazed_terracotta",
        "required": false
      },
      {
        "id": "minecraft:light_gray_glazed_terracotta",
        "required": false
      },
      {
        "id": "minecraft:lime_glazed_terracotta",
        "required": false
      },
      {
        "id": "minecraft:magenta_glazed_terracotta",
        "required": false
      },
      {
        "id": "minecraft:orange_glazed_terracotta",
        "required": false
      },
      {
        "id": "minecraft:pink_glazed_terracotta",
        "required": false
      },
      {
        "id": "minecraft:purple_glazed_terracotta",
        "required": false
      },
      {
        "id": "minecraft:red_glazed_terracotta",
        "required": false
      },
      {
        "id": "minecraft:white_glazed_terracotta",
        "required": false
      },
      {
        "id": "minecraft:yellow_glazed_terracotta",
        "required": false
      }
    ]
  }
  