{
  "parent": "minecraft:item/handheld_rod",
  "textures": {
    "layer0": "minecraft:item/carrot_on_a_stick"
  },
  "overrides": [
    {
      "predicate": {
        "custom_model_data": 7301
      },
      "model": "item/health_plus_1"
    },
    {
      "predicate": {
        "custom_model_data": 7302
      },
      "model": "item/health_minus_1"
    },
    {
      "predicate": {
        "custom_model_data": 7303
      },
      "model": "item/luck_plus_1"
    },
    {
      "predicate": {
        "custom_model_data": 7304
      },
      "model": "item/luck_minus_1"
    },
    {
      "predicate": {
        "custom_model_data": 7305
      },
      "model": "item/swiftness_plus_1"
    },
    {
      "predicate": {
        "custom_model_data": 7306
      },
      "model": "item/slowness_plus_1"
    },
    {
      "predicate": {
        "custom_model_data": 7307
      },
      "model": "item/xp_plus_1"
    },
    {
      "predicate": {
        "custom_model_data": 7308
      },
      "model": "item/attack_plus_1"
    },
    {
      "predicate": {
        "custom_model_data": 7309
      },
      "model": "item/saturation_plus_1"
    },
    {
      "predicate": {
        "custom_model_data": 7310
      },
      "model": "item/reset_upgrades"
    }
  ]
}