{
  "parent": "minecraft:item/generated",
  "textures": {
    "layer0": "minecraft:item/written_book"
  },
  "overrides": [
    {
      "predicate": {
        "custom_model_data": 7501
      },
      "model": "item/pwb/reckless_abandon"
    },
    {
      "predicate": {
        "custom_model_data": 7502
      },
      "model": "item/pwb/nether_or_naught"
    },
    {
      "predicate": {
        "custom_model_data": 7503
      },
      "model": "item/pwb/escaping_ender"
    },
    {
      "predicate": {
        "custom_model_data": 7504
      },
      "model": "item/pwb/the_siege"
    },
    {
      "predicate": {
        "custom_model_data": 7505
      },
      "model": "item/pwb/tick_tock"
    },
    {
      "predicate": {
        "custom_model_data": 7506
      },
      "model": "item/pwb/irony"
    },
    {
      "predicate": {
        "custom_model_data": 7507
      },
      "model": "item/pwb/the_loop"
    },
    {
      "predicate": {
        "custom_model_data": 7508
      },
      "model": "item/pwb/music_disc"
    },
    {
      "predicate": {
        "custom_model_data": 7509
      },
      "model": "item/pwb/totem"
    },
    {
      "predicate": {
        "custom_model_data": 7510
      },
      "model": "item/pwb/the_raid"
    },
    {
      "predicate": {
        "custom_model_data": 7511
      },
      "model": "item/pwb/ship"
    },
    {
      "predicate": {
        "custom_model_data": 7512
      },
      "model": "item/pwb/netherite"
    },
    {
      "predicate": {
        "custom_model_data": 7513
      },
      "model": "item/pwb/silent_night"
    }
  ]
}