{"providers":[{"type":"reference","id":"minecraft:include/space"},{"type":"bitmap","file":"simpledrawer:item/font/drawer.png","ascent":7,"height":64,"chars":["\uee00"]},{"type":"bitmap","file":"simpledrawer:item/logo/github.png","ascent":7,"height":25,"chars":["\uee01"]},{"type":"bitmap","file":"simpledrawer:item/logo/pmc.png","ascent":7,"height":25,"chars":["\uee02"]},{"type":"bitmap","file":"simpledrawer:item/logo/smithed.png","ascent":7,"height":25,"chars":["\uee03"]},{"type":"bitmap","file":"simpledrawer:item/logo/modrinth.png","ascent":7,"height":25,"chars":["\uee04"]},{"type":"bitmap","file":"simpledrawer:item/font/none_2_release.png","ascent":7,"height":8,"chars":["\uef00"]},{"type":"bitmap","file":"simpledrawer:item/font/none_3_release.png","ascent":7,"height":8,"chars":["\uef01"]},{"type":"bitmap","file":"simpledrawer:item/font/none_4_release.png","ascent":7,"height":8,"chars":["\uef02"]},{"type":"bitmap","file":"simpledrawer:item/font/update_button.png","ascent":7,"height":18,"chars":["\uef03"]},{"type":"bitmap","file":"simpledrawer:item/font/template_craft.png","ascent":-3,"height":68,"chars":["\uff01"]},{"type":"bitmap","file":"simpledrawer:item/font/template_result.png","ascent":-20,"height":34,"chars":["\uff02"]},{"type":"bitmap","file":"simpledrawer:item/font/craft_smithed.png","ascent":-3,"height":68,"chars":["\uff03"]},{"type":"bitmap","file":"simpledrawer:item/font/result_smithed.png","ascent":-20,"height":34,"chars":["\uff04"]},{"type":"bitmap","file":"simpledrawer:item/font/craft_new_drawer.png","ascent":-3,"height":68,"chars":["\uff05"]},{"type":"bitmap","file":"simpledrawer:item/font/result_new_drawer.png","ascent":-20,"height":34,"chars":["\uff06"]},{"type":"bitmap","file":"simpledrawer:item/font/craft_double_new_drawer.png","ascent":-3,"height":68,"chars":["\uff07"]},{"type":"bitmap","file":"simpledrawer:item/font/result_double_new_drawer.png","ascent":-20,"height":34,"chars":["\uff08"]},{"type":"bitmap","file":"simpledrawer:item/font/craft_quadruple_new_drawer.png","ascent":-3,"height":68,"chars":["\uff09"]},{"type":"bitmap","file":"simpledrawer:item/font/result_quadruple_new_drawer.png","ascent":-20,"height":34,"chars":["\uff0a"]},{"type":"bitmap","file":"simpledrawer:item/font/craft_hopper.png","ascent":-3,"height":68,"chars":["\uff0b"]},{"type":"bitmap","file":"simpledrawer:item/font/result_hopper.png","ascent":-20,"height":34,"chars":["\uff0c"]},{"type":"bitmap","file":"simpledrawer:item/font/craft_iron.png","ascent":-3,"height":68,"chars":["\uff0d"]},{"type":"bitmap","file":"simpledrawer:item/font/result_iron.png","ascent":-20,"height":34,"chars":["\uff0e"]},{"type":"bitmap","file":"simpledrawer:item/font/craft_gold.png","ascent":-3,"height":68,"chars":["\uff0f"]},{"type":"bitmap","file":"simpledrawer:item/font/result_gold.png","ascent":-20,"height":34,"chars":["\uff10"]},{"type":"bitmap","file":"simpledrawer:item/font/craft_diamond.png","ascent":-3,"height":68,"chars":["\uff11"]},{"type":"bitmap","file":"simpledrawer:item/font/result_diamond.png","ascent":-20,"height":34,"chars":["\uff12"]},{"type":"bitmap","file":"simpledrawer:item/font/craft_star.png","ascent":-3,"height":68,"chars":["\uff13"]},{"type":"bitmap","file":"simpledrawer:item/font/result_star.png","ascent":-20,"height":34,"chars":["\uff14"]},{"type":"bitmap","file":"simpledrawer:item/font/craft_netherite.png","ascent":-3,"height":68,"chars":["\uff15"]},{"type":"bitmap","file":"simpledrawer:item/font/result_netherite.png","ascent":-20,"height":34,"chars":["\uff16"]},{"type":"bitmap","file":"simpledrawer:item/font/craft_wrench.png","ascent":-3,"height":68,"chars":["\uff17"]},{"type":"bitmap","file":"simpledrawer:item/font/result_wrench.png","ascent":-20,"height":34,"chars":["\uff18"]},{"type":"bitmap","file":"simpledrawer:item/font/craft_guide.png","ascent":-3,"height":68,"chars":["\uff19"]},{"type":"bitmap","file":"simpledrawer:item/font/result_guide.png","ascent":-20,"height":34,"chars":["\uff1a"]},{"type":"bitmap","file":"simpledrawer:item/font/craft_compacting.png","ascent":-3,"height":68,"chars":["\uff1b"]},{"type":"bitmap","file":"simpledrawer:item/font/result_compacting.png","ascent":-20,"height":34,"chars":["\uff1c"]}]}