{
	"credit": "Made with Blockbench",
	"parent": "minecraft:item/handheld",
	"textures": {
		"layer0": "mtool:item/iron_halberd"
	},
	"display": {
		"thirdperson_righthand": {
			"rotation": [31.5, -86.5, 41],
			"translation": [0, 4.75, 4.75],
			"scale": [2, 2, 1]
		},
		"thirdperson_lefthand": {
			"rotation": [-145.5, 81.5, -225.25],
			"translation": [0, 4.5, 3.5],
			"scale": [2, 2, 1]
		},
		"firstperson_righthand": {
			"rotation": [-138.73, -84.72, -77.6],
			"translation": [7.25, 3, -5],
			"scale": [2, 2, 1]
		},
		"firstperson_lefthand": {
			"rotation": [-138.73, 84.72, 77.6],
			"translation": [7.25, 3, -5],
			"scale": [2, 2, 1]
		},
		"ground": {
			"translation": [0, 4.75, 0]
		},
		"fixed": {
			"rotation": [0, -180, 0],
			"translation": [0, 0, -0.75]
		}
	}
}