{
	"credit": "Made with Blockbench",
	"parent": "minecraft:item/handheld",
	"textures": {
		"layer0": "mtool:item/wooden_halberd"
	},
	"gui_light": "front",
	"display": {
		"thirdperson_righthand": {
			"rotation": [39.5, 94, 0],
			"translation": [0, 4.25, 1.5],
			"scale": [2, 2, 1]
		},
		"thirdperson_lefthand": {
			"rotation": [38.5, -86, 0],
			"translation": [-0.75, 2.5, 0.75],
			"scale": [2, 2, 1]
		},
		"firstperson_righthand": {
			"rotation": [-2.34, 82.96, 15.55],
			"translation": [5, 1, -2.25],
			"scale": [2, 2, 1]
		},
		"firstperson_lefthand": {
			"rotation": [-2.34, -82.96, -15.55],
			"translation": [5, 1, -2.25],
			"scale": [2, 2, 1]
		},
		"ground": {
			"translation": [0, 5.25, 0]
		},
		"gui": {
			"translation": [0.25, 0.25, 0],
			"scale": [1.1, 1.1, 1]
		},
		"fixed": {
			"rotation": [0, -180, 0],
			"translation": [0, 0, -0.5],
			"scale": [1.3, 1.3, 1]
		}
	}
}