{
    "pjb_music.minecraft": {
        "category": "record",
        "volume": 1,
        "sounds": [
            "pjb_music/minecraft"
        ]
    },
    "pjb_music.sweden": {
        "category": "record",
        "volume": 1,
        "sounds": [
            "pjb_music/sweden"
        ]
    },
    "pjb_music.blind_spots": {
        "category": "record",
        "volume": 1,
        "sounds": [
            "pjb_music/blind_spots"
        ]
    },
    "pjb_music.aria_math": {
        "category": "record",
        "volume": 1,
        "sounds": [
            "pjb_music/aria_math"
        ]
    },
    "pjb_music.haggstrom": {
        "category": "record",
        "volume": 1,
        "sounds": [
            "pjb_music/haggstrom"
        ]
    },
    "pjb_music.bromeliad": {
        "category": "record",
        "volume": 1,
        "sounds": [
            "pjb_music/bromeliad"
        ]
    },
    "pjb_music.an_ordinary_day": {
        "category": "record",
        "volume": 1,
        "sounds": [
            "pjb_music/an_ordinary_day"
        ]
    },
    "pjb_music.aerie": {
        "category": "record",
        "volume": 1,
        "sounds": [
            "pjb_music/aerie"
        ]
    },
    "pjb_music.stand_tall": {
        "category": "record",
        "volume": 1,
        "sounds": [
            "pjb_music/stand_tall"
        ]
    },
    "pjb_music.crescent_dunes": {
        "category": "record",
        "volume": 1,
        "sounds": [
            "pjb_music/crescent_dunes"
        ]
    },
    "pjb_music.axolotl": {
        "category": "record",
        "volume": 1,
        "sounds": [
            "pjb_music/axolotl"
        ]
    },
    "pjb_music.dragon_fish": {
        "category": "record",
        "volume": 1,
        "sounds": [
            "pjb_music/dragon_fish"
        ]
    },
    "pjb_music.shuniji": {
        "category": "record",
        "volume": 1,
        "sounds": [
            "pjb_music/shuniji"
        ]
    },
    "pjb_music.concrete_halls": {
        "category": "record",
        "volume": 1,
        "sounds": [
            "pjb_music/concrete_halls"
        ]
    },
    "pjb_music.chrysopoeia": {
        "category": "record",
        "volume": 1,
        "sounds": [
            "pjb_music/chrysopoeia"
        ]
    },
    "pjb_music.rubedo": {
        "category": "record",
        "volume": 1,
        "sounds": [
            "pjb_music/rubedo"
        ]
    }
}