{
    "values": [
      {
        "id": "minecraft:candle",
        "required": false
      },
      {
        "id": "minecraft:candle_cake",
        "required": false
      },
      {
        "id": "minecraft:glass",
        "required": false
      },
      {
        "id": "minecraft:glass_pane",
        "required": false
      },
      {
        "id": "minecraft:shulker_box",
        "required": false
      },
      {
        "id": "minecraft:terracotta",
        "required": false
      },
      {
        "id": "#guris:colouring/sand_blocks",
        "required": false
      },
      {
        "id": "#guris:colouring/stone_brick_blocks",
        "required": false
      },
      {
        "id": "#guris:colouring/cobblestone_blocks",
        "required": false
      }
    ]
  }
  