{
    "values": [
      {
        "id": "minecraft:sand",
        "required": false
      },
      {
        "id": "minecraft:sandstone",
        "required": false
      },
      {
        "id": "minecraft:sandstone_stairs",
        "required": false
      },
      {
        "id": "minecraft:sandstone_slab",
        "required": false
      },
      {
        "id": "minecraft:sandstone_wall",
        "required": false
      },
      {
        "id": "minecraft:smooth_sandstone",
        "required": false
      },
      {
        "id": "minecraft:smooth_sandstone_stairs",
        "required": false
      },
      {
        "id": "minecraft:smooth_sandstone_slab",
        "required": false
      },
      {
        "id": "minecraft:cut_sandstone",
        "required": false
      },
      {
        "id": "minecraft:cut_sandstone_slab",
        "required": false
      }
    ]
  }
  