{
    "criteria": {
        "requirement": {
            "trigger": "minecraft:item_used_on_block",
            "conditions": {
                "location": [
                    {
                        "condition": "minecraft:match_tool",
                        "predicate": {
                            "items": ["minecraft:painting"]
                        }
                    },
                    {
                        "condition": "minecraft:inverted",
                        "term": {
                            "condition": "minecraft:reference",
                            "name": "pk_mo_pa:match_tool/painting_with_variant"
                        }
                    }
                ]
            }
        }
    },
    "rewards": {
        "function": "pk_mo_pa:actions/placed_painting/trigger"
    }
}
