{
  "type": "minecraft:entity",
  "pools": [
    {
      "bonus_rolls": 0.0,
      "entries": [
        {
          "type": "minecraft:item",
          "functions": [
            {
              "add": false,
              "count": {
                "type": "minecraft:uniform",
                "max": 2.0,
                "min": 0.0
              },
              "function": "minecraft:set_count"
            },
            {
              "count": {
                "type": "minecraft:uniform",
                "max": 1.0,
                "min": 0.0
              },
              "function": "minecraft:looting_enchant"
            }
          ],
          "name": "minecraft:rotten_flesh"
        }
      ],
      "rolls": 1.0
    },
    {
      "bonus_rolls": 0.0,
      "conditions": [
        {
          "condition": "minecraft:killed_by_player"
        },
        {
          "chance": 0.11,
          "condition": "minecraft:random_chance_with_looting",
          "looting_multiplier": 0.02
        }
      ],
      "entries": [
        {
          "type": "minecraft:item",
          "name": "minecraft:copper_ingot"
        }
      ],
      "rolls": 1.0
    },
    {
      "bonus_rolls": 0.0,
      "conditions": [
        {
          "condition": "minecraft:entity_properties",
          "entity": "killer",
          "predicate": {
            "type": "minecraft:drowned"
          }
        }
      ],
      "entries": [
        {
          "type": "minecraft:item",
          "name": "minecraft:wooden_sword",
          "functions": [
            {
              "function": "set_nbt",
              "tag": "{display:{Lore:['{\"text\":\"C418 - Axolotl\",\"italic\":false,\"color\":\"gray\"}'],Name:'{\"text\":\"Cassette Tape\",\"italic\":false,\"color\":\"aqua\"}'},CustomModelData:7744,HideFlags:36,Unbreakable:1b,AttributeModifiers:[{AttributeName:\"minecraft:generic.attack_damage\",Amount:0.0,Operation:0}]}"
            }
          ]
        },
        {
          "type": "minecraft:item",
          "name": "minecraft:wooden_sword",
          "functions": [
            {
              "function": "set_nbt",
              "tag": "{display:{Lore:['{\"text\":\"C418 - Dragon Fish\",\"italic\":false,\"color\":\"gray\"}'],Name:'{\"text\":\"Cassette Tape\",\"italic\":false,\"color\":\"aqua\"}'},CustomModelData:7745,HideFlags:36,Unbreakable:1b,AttributeModifiers:[{AttributeName:\"minecraft:generic.attack_damage\",Amount:0.0,Operation:0}]}"
            }
          ]
        },
        {
          "type": "minecraft:item",
          "name": "minecraft:wooden_sword",
          "functions": [
            {
              "function": "set_nbt",
              "tag": "{display:{Lore:['{\"text\":\"C418 - Shuniji\",\"italic\":false,\"color\":\"gray\"}'],Name:'{\"text\":\"Cassette Tape\",\"italic\":false,\"color\":\"aqua\"}'},CustomModelData:7746,HideFlags:36,Unbreakable:1b,AttributeModifiers:[{AttributeName:\"minecraft:generic.attack_damage\",Amount:0.0,Operation:0}]}"
            }
          ]
        }
      ],
      "rolls": 1.0
    }
  ],
  "random_sequence": "minecraft:entities/drowned"
}