{"display":{"title":{"translate":"simpledrawer.advancement.upgrade.iron.title"},"description":{"translate":"simpledrawer.advancement.upgrade.description","with":[{"translate":"simpledrawer.advancement.iron"}]},"icon":{"item":"minecraft:jigsaw","nbt":"{CustomModelData:1430001}"},"frame":"task","show_toast":true,"announce_to_chat":true,"hidden":false},"criteria":{"Use iron upgrade":{"trigger":"minecraft:impossible","conditions":{"player":[{"condition":"minecraft:value_check","value":{"type":"minecraft:score","target":{"type":"minecraft:fixed","name":"#simpledrawer.major"},"score":"load.status"},"range":1},{"condition":"minecraft:value_check","value":{"type":"minecraft:score","target":{"type":"minecraft:fixed","name":"#simpledrawer.minor"},"score":"load.status"},"range":11},{"condition":"minecraft:value_check","value":{"type":"minecraft:score","target":{"type":"minecraft:fixed","name":"#simpledrawer.patch"},"score":"load.status"},"range":2}]}}},"parent":"simpledrawer:display/root"}