{"display":{"title":{"translate":"simpledrawer.advancement.root.title"},"description":{"translate":"simpledrawer.advancement.root.description"},"icon":{"item":"minecraft:written_book","nbt":"{CustomModelData:1430000}"},"frame":"task","show_toast":true,"announce_to_chat":false,"hidden":false,"background":"minecraft:textures/block/oak_planks.png"},"criteria":{"lol":{"trigger":"minecraft:tick","conditions":{"player":[{"condition":"minecraft:value_check","value":{"type":"minecraft:score","target":{"type":"minecraft:fixed","name":"#simpledrawer.major"},"score":"load.status"},"range":1},{"condition":"minecraft:value_check","value":{"type":"minecraft:score","target":{"type":"minecraft:fixed","name":"#simpledrawer.minor"},"score":"load.status"},"range":11},{"condition":"minecraft:value_check","value":{"type":"minecraft:score","target":{"type":"minecraft:fixed","name":"#simpledrawer.patch"},"score":"load.status"},"range":2}]}}},"rewards":{"function":"simpledrawer:advancements/display/root"}}