{"criteria":{"requirement":{"trigger":"minecraft:player_interacted_with_entity","conditions":{"entity":{"nbt":"{Tags:[\"simpledrawer.drawer.item\"]}"},"player":[{"condition":"minecraft:value_check","value":{"type":"minecraft:score","target":{"type":"minecraft:fixed","name":"#simpledrawer.major"},"score":"load.status"},"range":1},{"condition":"minecraft:value_check","value":{"type":"minecraft:score","target":{"type":"minecraft:fixed","name":"#simpledrawer.minor"},"score":"load.status"},"range":11},{"condition":"minecraft:value_check","value":{"type":"minecraft:score","target":{"type":"minecraft:fixed","name":"#simpledrawer.patch"},"score":"load.status"},"range":2}]}}},"rewards":{"function":"simpledrawer:v1.11.2/calls/drawer/click/click"}}